"personId","sourceID"
"1","370"
"2","689"
"2","634"
"3","25"
"4","484"
"5","62"
"6","423"
"7","76"
"8","681"
"9","187"
"10","423"
"11","367"
"12","287"
"13","757"
"14","287"
"15","64"
"15","517"
"16","229"
"17","366"
"18","366"
"19","741"
"20","741"
"21","741"
"22","405"
"23","172"
"24","347"
"24","132"
"25","456"
"26","694"
"27","573"
"28","393"
"29","603"
"30","458"
"30","113"
"31","91"
"31","508"
"32","91"
"32","508"
"33","187"
"34","353"
"35","99"
"36","312"
"37","568"
"38","54"
"39","232"
"40","441"
"40","109"
"41","103"
"42","103"
"43","603"
"44","603"
"45","194"
"46","236"
"47","560"
"48","709"
"48","360"
"49","312"
"50","360"
"51","45"
"51","517"
"52","426"
"53","474"
"54","426"
"55","621"
"56","120"
"57","184"
"58","240"
"58","120"
"59","45"
"60","25"
"61","49"
"61","700"
"62","419"
"63","194"
"64","317"
"65","426"
"66","49"
"66","700"
"67","109"
"68","725"
"69","351"
"69","681"
"70","658"
"70","711"
"71","105"
"72","242"
"73","278"
"73","109"
"74","741"
"75","488"
"76","597"
"77","223"
"78","600"
"79","658"
"79","360"
"80","462"
"81","325"
"82","426"
"83","312"
"84","39"
"85","426"
"85","153"
"86","560"
"86","603"
"87","523"
"88","54"
"88","39"
"89","463"
"90","312"
"91","462"
"91","278"
"92","555"
"93","658"
"94","312"
"95","360"
"96","658"
"97","560"
"98","319"
"99","453"
"99","674"
"100","49"
"101","21"
"101","708"
"102","243"
"102","683"
"103","407"
"104","294"
"105","287"
"106","312"
"107","632"
"108","669"
"109","60"
"110","560"
"111","517"
"112","755"
"113","573"
"113","360"
"114","54"
"115","187"
"116","573"
"117","19"
"117","560"
"118","313"
"119","407"
"120","39"
"121","658"
"121","681"
"121","360"
"122","492"
"123","132"
"124","101"
"124","667"
"125","560"
"126","603"
"127","325"
"128","99"
"128","327"
"129","603"
"130","83"
"131","750"
"132","164"
"133","463"
"133","49"
"134","560"
"135","39"
"135","54"
"136","560"
"137","49"
"138","641"
"138","560"
"139","462"
"139","49"
"139","681"
"140","216"
"141","120"
"142","725"
"143","37"
"144","29"
"144","185"
"145","493"
"145","603"
"145","550"
"146","560"
"147","416"
"148","517"
"149","517"
"150","8"
"151","478"
"152","312"
"153","239"
"153","560"
"154","397"
"155","360"
"156","393"
"157","393"
"158","734"
"159","353"
"160","216"
"160","641"
"160","221"
"161","279"
"162","573"
"162","405"
"163","405"
"164","397"
"164","451"
"165","60"
"166","284"
"167","194"
"168","159"
"169","50"
"169","560"
"170","619"
"171","407"
"172","84"
"173","462"
"174","658"
"175","229"
"176","37"
"177","741"
"178","619"
"179","49"
"179","550"
"180","560"
"181","462"
"182","187"
"183","347"
"183","132"
"184","315"
"185","603"
"186","603"
"187","603"
"188","360"
"189","240"
"190","549"
"191","612"
"192","397"
"193","517"
"194","742"
"195","629"
"196","109"
"197","91"
"197","508"
"198","91"
"198","508"
"199","91"
"199","508"
"200","91"
"200","508"
"201","360"
"202","187"
"203","70"
"203","360"
"204","260"
"205","12"
"206","726"
"207","658"
"207","360"
"208","187"
"209","216"
"209","360"
"210","87"
"211","621"
"212","184"
"213","299"
"214","287"
"215","426"
"216","560"
"217","20"
"218","330"
"219","489"
"220","489"
"221","489"
"222","198"
"223","729"
"224","194"
"225","229"
"226","196"
"226","497"
"227","54"
"228","462"
"229","109"
"230","573"
"230","560"
"231","549"
"232","360"
"233","618"
"233","235"
"234","619"
"235","60"
"236","560"
"237","287"
"238","360"
"239","741"
"240","631"
"241","405"
"241","40"
"242","179"
"243","405"
"243","40"
"244","24"
"245","640"
"246","192"
"247","360"
"248","560"
"249","462"
"249","49"
"249","681"
"250","101"
"250","667"
"251","549"
"252","560"
"253","560"
"254","560"
"255","187"
"256","187"
"257","329"
"257","221"
"258","187"
"259","464"
"259","335"
"259","388"
"260","12"
"261","462"
"262","316"
"263","349"
"264","549"
"265","121"
"266","360"
"267","549"
"268","642"
"269","741"
"270","579"
"271","549"
"272","312"
"273","420"
"274","560"
"274","140"
"275","681"
"276","511"
"277","511"
"278","246"
"279","270"
"280","604"
"281","105"
"282","105"
"283","440"
"283","567"
"284","354"
"285","8"
"286","597"
"287","407"
"288","560"
"289","521"
"290","517"
"291","109"
"292","12"
"293","559"
"294","109"
"295","560"
"296","194"
"297","517"
"298","316"
"299","669"
"300","642"
"301","312"
"302","549"
"303","572"
"304","619"
"305","511"
"306","692"
"306","28"
"307","560"
"308","397"
"308","360"
"309","140"
"309","360"
"310","9"
"311","101"
"312","426"
"312","419"
"312","395"
"313","232"
"314","532"
"315","212"
"316","709"
"316","360"
"317","211"
"318","560"
"318","360"
"319","36"
"320","525"
"321","250"
"322","506"
"323","64"
"324","307"
"325","273"
"326","593"
"327","141"
"328","301"
"329","49"
"330","211"
"331","84"
"332","474"
"333","474"
"334","398"
"335","492"
"336","28"
"337","560"
"338","187"
"339","187"
"340","261"
"341","261"
"342","64"
"343","187"
"344","323"
"344","349"
"345","95"
"346","311"
"347","381"
"348","560"
"349","757"
"350","410"
"351","525"
"352","405"
"353","473"
"354","525"
"355","525"
"356","242"
"357","678"
"358","350"
"359","312"
"360","312"
"361","419"
"361","360"
"362","212"
"363","525"
"364","432"
"365","312"
"366","374"
"367","374"
"368","374"
"369","517"
"370","54"
"371","627"
"372","109"
"373","351"
"373","681"
"374","445"
"375","560"
"376","560"
"377","312"
"378","136"
"379","374"
"380","136"
"381","614"
"381","64"
"382","109"
"383","111"
"384","111"
"385","111"
"386","312"
"387","597"
"388","360"
"389","549"
"390","423"
"391","573"
"391","560"
"392","560"
"393","360"
"393","560"
"394","560"
"394","360"
"395","560"
"396","360"
"397","652"
"397","48"
"398","312"
"399","68"
"400","462"
"400","49"
"400","681"
"401","239"
"402","49"
"403","140"
"403","426"
"404","141"
"405","625"
"406","549"
"407","517"
"408","446"
"409","421"
"410","60"
"410","360"
"411","360"
"412","686"
"413","64"
"414","541"
"415","540"
"416","360"
"417","681"
"417","462"
"418","549"
"419","127"
"420","127"
"421","327"
"421","216"
"422","658"
"422","426"
"423","560"
"423","573"
"424","560"
"425","149"
"426","591"
"427","573"
"427","360"
"428","187"
"429","360"
"430","360"
"431","360"
"432","337"
"433","573"
"434","560"
"435","187"
"436","312"
"437","243"
"438","258"
"438","64"
"439","549"
"440","407"
"441","517"
"442","658"
"442","120"
"443","410"
"444","566"
"445","462"
"446","560"
"446","360"
"447","101"
"448","603"
"449","360"
"450","360"
"451","360"
"452","603"
"453","462"
"453","560"
"454","488"
"455","435"
"456","360"
"457","515"
"458","327"
"458","360"
"459","327"
"459","360"
"460","275"
"461","70"
"462","37"
"463","96"
"464","405"
"464","40"
"465","211"
"466","501"
"467","499"
"468","696"
"468","392"
"469","39"
"470","705"
"471","187"
"472","109"
"473","517"
"474","517"
"475","397"
"475","360"
"476","405"
"476","40"
"477","243"
"478","312"
"479","411"
"480","405"
"480","40"
"481","619"
"482","70"
"483","393"
"484","492"
"485","433"
"486","337"
"487","692"
"487","511"
"488","365"
"489","393"
"490","145"
"491","145"
"492","145"
"493","145"
"494","243"
"495","560"
"496","97"
"497","242"
"498","729"
"499","511"
"500","327"
"500","360"
"501","9"
"502","9"
"503","507"
"504","243"
"504","33"
"505","270"
"506","535"
"507","573"
"508","360"
"509","632"
"510","563"
"511","28"
"512","573"
"513","684"
"513","405"
"513","468"
"514","211"
"515","269"
"516","473"
"517","423"
"518","529"
"518","560"
"519","560"
"519","549"
"520","658"
"521","360"
"522","268"
"523","474"
"524","549"
"525","603"
"525","586"
"526","549"
"527","517"
"528","619"
"529","407"
"530","580"
"531","432"
"532","462"
"532","360"
"533","71"
"534","709"
"535","619"
"535","360"
"536","681"
"537","517"
"538","480"
"539","223"
"540","639"
"541","655"
"542","216"
"542","641"
"543","73"
"544","560"
"545","173"
"546","258"
"547","390"
"548","560"
"549","450"
"550","517"
"551","188"
"552","194"
"553","503"
"554","360"
"555","360"
"556","493"
"556","455"
"557","407"
"558","105"
"559","719"
"560","743"
"561","187"
"562","525"
"563","194"
"564","645"
"565","669"
"566","325"
"567","279"
"567","573"
"568","115"
"569","115"
"570","115"
"571","729"
"572","337"
"573","115"
"574","517"
"575","397"
"576","426"
"577","216"
"577","360"
"578","452"
"579","211"
"580","97"
"581","49"
"582","560"
"583","579"
"584","296"
"585","76"
"586","23"
"586","187"
"587","731"
"588","739"
"589","475"
"589","165"
"590","87"
"591","715"
"591","651"
"592","511"
"593","426"
"594","247"
"595","223"
"596","571"
"597","276"
"598","681"
"599","669"
"600","669"
"601","669"
"602","258"
"603","237"
"604","549"
"605","309"
"605","151"
"606","218"
"607","304"
"608","688"
"609","619"
"610","4"
"611","619"
"612","162"
"613","621"
"614","573"
"614","560"
"615","549"
"616","560"
"617","250"
"618","109"
"619","573"
"620","109"
"620","635"
"621","70"
"621","725"
"622","138"
"622","560"
"623","170"
"624","653"
"625","140"
"626","67"
"627","573"
"628","560"
"629","520"
"630","359"
"631","321"
"632","699"
"633","681"
"634","549"
"635","49"
"636","549"
"637","517"
"638","714"
"639","384"
"640","518"
"641","419"
"642","49"
"643","49"
"644","95"
"645","560"
"646","187"
"647","410"
"648","243"
"649","243"
"650","190"
"651","626"
"652","84"
"653","360"
"654","96"
"655","462"
"655","49"
"655","681"
"656","560"
"657","560"
"658","349"
"659","268"
"660","120"
"661","447"
"662","243"
"663","292"
"663","360"
"664","612"
"665","360"
"666","729"
"667","327"
"667","360"
"668","719"
"669","196"
"670","339"
"671","669"
"672","187"
"673","229"
"673","360"
"674","9"
"675","264"
"676","552"
"677","64"
"678","462"
"678","560"
"679","619"
"680","638"
"681","213"
"681","222"
"682","491"
"683","263"
"684","701"
"684","573"
"685","90"
"686","49"
"686","424"
"687","49"
"687","424"
"688","65"
"688","387"
"689","710"
"690","560"
"691","141"
"691","405"
"692","161"
"693","70"
"694","462"
"694","360"
"695","214"
"696","666"
"697","139"
"698","207"
"699","641"
"700","720"
"701","23"
"702","214"
"703","56"
"704","194"
"705","92"
"706","681"
"707","681"
"708","400"
"709","49"
"709","560"
"710","681"
"711","440"
"712","517"
"713","467"
"714","658"
"715","728"
"716","37"
"717","95"
"718","95"
"719","349"
"719","64"
"720","349"
"721","333"
"722","360"
"723","128"
"724","483"
"725","462"
"726","340"
"727","187"
"728","95"
"729","325"
"730","49"
"730","424"
"731","49"
"731","424"
"732","735"
"733","145"
"734","145"
"735","145"
"736","283"
"737","729"
"738","243"
"739","145"
"740","517"
"741","597"
"742","517"
"743","44"
"744","101"
"744","187"
"745","475"
"746","360"
"747","549"
"748","14"
"749","536"
"750","77"
"750","712"
"751","205"
"752","560"
"753","560"
"754","463"
"755","430"
"756","304"
"757","243"
"758","13"
"759","490"
"760","490"
"761","250"
"762","349"
"763","560"
"764","560"
"765","338"
"766","386"
"767","327"
"767","434"
"768","6"
"769","337"
"770","560"
"771","250"
"772","573"
"773","437"
"774","312"
"775","573"
"776","327"
"776","360"
"777","619"
"778","656"
"779","63"
"780","560"
"781","207"
"782","187"
"783","187"
"784","729"
"785","549"
"786","37"
"786","186"
"787","60"
"788","327"
"789","49"
"790","99"
"791","312"
"792","92"
"793","360"
"794","250"
"795","729"
"796","560"
"797","560"
"798","312"
"799","187"
"800","604"
"801","619"
"802","619"
"803","619"
"804","327"
"804","360"
"805","669"
"806","560"
"807","231"
"808","603"
"809","378"
"810","39"
"810","54"
"811","610"
"812","202"
"812","585"
"813","227"
"814","281"
"815","360"
"816","422"
"817","549"
"818","227"
"819","226"
"820","227"
"821","227"
"822","227"
"823","227"
"824","356"
"825","608"
"826","619"
"827","462"
"827","120"
"827","560"
"828","494"
"829","345"
"830","312"
"831","132"
"832","325"
"833","360"
"834","192"
"835","140"
"835","526"
"835","49"
"836","753"
"837","69"
"838","37"
"839","549"
"840","84"
"841","397"
"842","239"
"843","161"
"844","603"
"845","227"
"846","658"
"847","312"
"848","571"
"849","419"
"850","187"
"851","145"
"852","109"
"853","736"
"854","243"
"855","638"
"856","178"
"857","87"
"858","364"
"858","641"
"859","360"
"860","223"
"861","700"
"862","478"
"863","747"
"864","671"
"865","560"
"866","517"
"867","552"
"868","255"
"869","517"
"870","619"
"871","758"
"872","76"
"873","583"
"873","102"
"874","312"
"875","308"
"876","554"
"877","90"
"878","60"
"879","92"
"880","670"
"881","606"
"882","323"
"883","187"
"884","360"
"885","438"
"886","318"
"887","239"
"888","184"
"889","99"
"889","560"
"890","681"
"891","729"
"892","619"
"893","244"
"894","250"
"895","311"
"896","360"
"897","270"
"898","573"
"899","232"
"899","360"
"900","232"
"900","360"
"901","109"
"902","669"
"902","360"
"903","328"
"904","230"
"905","109"
"906","70"
"907","582"
"908","756"
"909","386"
"909","560"
"910","573"
"911","621"
"912","176"
"913","357"
"914","517"
"915","360"
"916","579"
"917","380"
"918","397"
"919","517"
"919","538"
"920","517"
"920","538"
"921","426"
"921","132"
"922","560"
"923","98"
"924","140"
"925","549"
"926","218"
"927","693"
"928","463"
"928","360"
"929","489"
"930","573"
"931","358"
"932","410"
"933","711"
"933","220"
"933","560"
"934","619"
"935","619"
"936","210"
"937","752"
"938","99"
"938","327"
"939","731"
"940","37"
"941","37"
"942","473"
"943","360"
"944","255"
"945","492"
"946","492"
"947","360"
"948","44"
"949","560"
"950","181"
"951","448"
"952","200"
"953","155"
"954","493"
"955","223"
"956","404"
"957","283"
"958","107"
"959","426"
"959","132"
"960","558"
"961","187"
"962","549"
"963","560"
"964","560"
"965","49"
"966","327"
"966","360"
"967","187"
"968","230"
"969","552"
"970","560"
"971","662"
"972","459"
"972","749"
"973","474"
"974","187"
"975","187"
"976","560"
"976","360"
"977","463"
"978","31"
"978","92"
"979","619"
"979","360"
"980","517"
"981","638"
"982","560"
"983","295"
"984","560"
"985","549"
"986","192"
"987","605"
"988","549"
"989","152"
"989","200"
"990","723"
"991","269"
"992","49"
"993","308"
"994","560"
"995","109"
"996","232"
"997","517"
"998","669"
"999","211"
"1000","145"
"1001","371"
"1002","517"
"1003","312"
"1004","517"
"1005","232"
"1006","642"
"1007","378"
"1008","560"
"1009","572"
"1010","493"
"1011","187"
"1012","187"
"1013","200"
"1014","276"
"1015","517"
"1016","360"
"1017","628"
"1018","232"
"1019","41"
"1020","517"
"1021","560"
"1022","431"
"1023","449"
"1023","360"
"1024","148"
"1025","297"
"1025","688"
"1026","267"
"1027","170"
"1027","327"
"1028","385"
"1029","270"
"1030","220"
"1031","407"
"1032","323"
"1033","560"
"1034","187"
"1035","579"
"1036","146"
"1037","304"
"1038","489"
"1039","255"
"1040","650"
"1041","216"
"1042","192"
"1043","619"
"1044","560"
"1045","560"
"1046","463"
"1047","360"
"1048","698"
"1049","517"
"1050","674"
"1050","360"
"1051","218"
"1052","311"
"1053","407"
"1054","312"
"1055","110"
"1056","669"
"1057","232"
"1058","363"
"1059","517"
"1060","720"
"1061","99"
"1061","550"
"1061","216"
"1062","327"
"1063","333"
"1064","145"
"1065","669"
"1066","109"
"1067","99"
"1067","428"
"1068","599"
"1069","145"
"1070","187"
"1071","493"
"1071","550"
"1072","142"
"1073","109"
"1074","741"
"1074","386"
"1075","681"
"1076","681"
"1077","560"
"1078","145"
"1079","32"
"1080","621"
"1081","573"
"1082","573"
"1082","560"
"1083","200"
"1084","5"
"1085","229"
"1086","191"
"1087","732"
"1088","419"
"1088","120"
"1089","511"
"1090","603"
"1091","196"
"1092","82"
"1093","517"
"1094","207"
"1095","360"
"1096","360"
"1097","187"
"1098","187"
"1099","187"
"1100","187"
"1101","132"
"1102","69"
"1103","517"
"1104","517"
"1105","419"
"1105","426"
"1106","235"
"1107","312"
"1108","463"
"1109","99"
"1109","428"
"1110","39"
"1111","432"
"1112","327"
"1113","426"
"1114","426"
"1114","658"
"1115","145"
"1116","82"
"1117","247"
"1118","560"
"1119","560"
"1120","187"
"1121","49"
"1121","349"
"1121","405"
"1122","560"
"1123","559"
"1124","1"
"1125","584"
"1126","560"
"1127","99"
"1128","619"
"1129","460"
"1130","221"
"1131","426"
"1132","681"
"1133","187"
"1134","154"
"1134","619"
"1135","145"
"1136","145"
"1137","560"
"1138","72"
"1139","229"
"1140","680"
"1141","10"
"1142","560"
"1142","16"
"1143","615"
"1144","548"
"1145","440"
"1145","360"
"1146","426"
"1146","49"
"1146","327"
"1147","251"
"1148","270"
"1149","410"
"1150","517"
"1151","560"
"1152","72"
"1153","356"
"1154","474"
"1155","59"
"1156","58"
"1157","396"
"1157","405"
"1158","109"
"1159","517"
"1160","360"
"1161","193"
"1162","17"
"1163","525"
"1164","140"
"1165","55"
"1166","90"
"1167","360"
"1168","360"
"1169","397"
"1170","62"
"1171","155"
"1172","140"
"1173","16"
"1174","140"
"1174","360"
"1175","560"
"1176","312"
"1177","46"
"1178","619"
"1179","35"
"1180","200"
"1181","360"
"1182","187"
"1183","713"
"1184","109"
"1184","360"
"1185","360"
"1186","551"
"1187","575"
"1188","360"
"1189","560"
"1189","16"
"1190","327"
"1190","360"
"1191","60"
"1192","504"
"1193","37"
"1194","517"
"1195","109"
"1196","377"
"1197","78"
"1197","360"
"1198","262"
"1199","310"
"1200","211"
"1201","591"
"1202","609"
"1203","604"
"1204","604"
"1205","604"
"1206","220"
"1206","140"
"1207","360"
"1208","378"
"1209","145"
"1210","92"
"1211","733"
"1212","235"
"1213","235"
"1214","312"
"1215","101"
"1216","59"
"1217","23"
"1217","724"
"1218","619"
"1219","312"
"1220","527"
"1221","239"
"1222","346"
"1223","549"
"1224","279"
"1225","360"
"1226","441"
"1227","220"
"1228","216"
"1229","700"
"1230","220"
"1231","495"
"1232","560"
"1233","363"
"1234","127"
"1234","603"
"1235","407"
"1236","707"
"1237","615"
"1238","605"
"1239","7"
"1240","327"
"1240","360"
"1241","597"
"1242","187"
"1243","660"
"1244","474"
"1244","360"
"1245","560"
"1246","187"
"1247","187"
"1248","463"
"1248","360"
"1249","360"
"1250","560"
"1251","38"
"1252","573"
"1253","676"
"1254","47"
"1255","123"
"1256","573"
"1257","750"
"1258","34"
"1258","360"
"1259","462"
"1259","360"
"1260","405"
"1260","360"
"1261","415"
"1262","314"
"1263","573"
"1264","549"
"1265","277"
"1266","49"
"1267","517"
"1268","549"
"1269","273"
"1270","560"
"1271","247"
"1272","517"
"1273","187"
"1274","727"
"1275","405"
"1276","158"
"1277","7"
"1278","632"
"1279","132"
"1280","327"
"1280","360"
"1281","560"
"1282","298"
"1283","187"
"1284","247"
"1285","501"
"1286","187"
"1287","187"
"1288","187"
"1289","597"
"1290","87"
"1291","560"
"1292","549"
"1293","756"
"1294","395"
"1295","109"
"1296","560"
"1296","405"
"1297","312"
"1298","462"
"1298","360"
"1299","598"
"1300","598"
"1301","130"
"1302","597"
"1303","560"
"1304","255"
"1305","621"
"1306","698"
"1306","187"
"1307","698"
"1307","187"
"1308","650"
"1309","277"
"1310","573"
"1311","140"
"1312","549"
"1313","397"
"1314","549"
"1315","479"
"1316","632"
"1317","517"
"1318","247"
"1319","572"
"1320","247"
"1321","99"
"1322","145"
"1323","508"
"1324","573"
"1325","9"
"1325","372"
"1326","189"
"1326","560"
"1327","32"
"1328","360"
"1329","91"
"1330","91"
"1331","393"
"1332","393"
"1333","187"
"1334","378"
"1335","360"
"1336","407"
"1337","560"
"1337","288"
"1338","232"
"1339","403"
"1340","243"
"1341","137"
"1342","560"
"1342","360"
"1343","560"
"1344","698"
"1345","560"
"1346","112"
"1347","505"
"1348","140"
"1348","427"
"1349","174"
"1350","545"
"1351","560"
"1351","360"
"1352","158"
"1353","462"
"1353","426"
"1354","187"
"1355","84"
"1356","573"
"1356","8"
"1357","349"
"1358","360"
"1359","517"
"1360","243"
"1361","517"
"1362","230"
"1363","533"
"1364","312"
"1365","360"
"1366","517"
"1367","40"
"1368","577"
"1369","325"
"1370","560"
"1371","243"
"1372","668"
"1373","166"
"1374","642"
"1375","158"
"1376","573"
"1377","139"
"1378","187"
"1379","619"
"1380","360"
"1381","549"
"1382","62"
"1383","746"
"1384","15"
"1385","64"
"1386","397"
"1386","357"
"1387","619"
"1388","300"
"1389","304"
"1390","648"
"1391","502"
"1392","363"
"1393","70"
"1394","619"
"1395","729"
"1395","287"
"1396","560"
"1397","619"
"1398","312"
"1399","187"
"1400","187"
"1401","560"
"1402","692"
"1402","511"
"1403","619"
"1404","294"
"1405","304"
"1406","84"
"1407","642"
"1408","80"
"1409","125"
"1410","54"
"1411","8"
"1412","211"
"1413","488"
"1414","360"
"1415","658"
"1416","54"
"1417","426"
"1417","132"
"1418","127"
"1419","140"
"1419","405"
"1420","99"
"1420","49"
"1421","145"
"1422","397"
"1423","211"
"1424","619"
"1425","463"
"1426","308"
"1427","393"
"1428","355"
"1429","27"
"1429","360"
"1430","27"
"1430","360"
"1431","560"
"1432","466"
"1433","393"
"1434","658"
"1435","282"
"1436","633"
"1436","216"
"1437","117"
"1438","187"
"1439","187"
"1440","560"
"1441","145"
"1442","560"
"1442","360"
"1443","669"
"1444","187"
"1445","395"
"1446","498"
"1447","619"
"1448","573"
"1449","573"
"1450","560"
"1451","611"
"1452","312"
"1453","3"
"1454","648"
"1455","560"
"1456","542"
"1457","573"
"1458","613"
"1459","354"
"1460","187"
"1461","265"
"1462","360"
"1463","69"
"1464","37"
"1465","194"
"1466","82"
"1467","419"
"1467","49"
"1467","240"
"1468","30"
"1469","140"
"1470","659"
"1470","187"
"1471","194"
"1472","201"
"1473","347"
"1474","234"
"1475","406"
"1476","360"
"1477","70"
"1478","717"
"1479","180"
"1480","199"
"1481","560"
"1482","508"
"1483","262"
"1484","289"
"1485","272"
"1486","258"
"1486","64"
"1487","258"
"1487","64"
"1488","258"
"1488","64"
"1489","258"
"1489","64"
"1490","99"
"1490","327"
"1491","37"
"1492","573"
"1493","283"
"1494","418"
"1495","109"
"1496","517"
"1497","220"
"1498","573"
"1498","360"
"1499","471"
"1500","589"
"1501","619"
"1502","517"
"1503","597"
"1504","657"
"1505","187"
"1506","216"
"1506","109"
"1507","458"
"1507","113"
"1508","389"
"1509","517"
"1510","560"
"1511","426"
"1512","679"
"1513","607"
"1514","26"
"1515","243"
"1516","104"
"1516","215"
"1517","560"
"1518","619"
"1518","360"
"1519","175"
"1520","194"
"1521","594"
"1522","694"
"1523","30"
"1524","216"
"1524","560"
"1525","511"
"1526","560"
"1527","360"
"1528","681"
"1529","539"
"1530","386"
"1531","360"
"1532","426"
"1533","161"
"1534","327"
"1534","360"
"1535","347"
"1536","426"
"1537","426"
"1538","49"
"1538","156"
"1539","220"
"1540","673"
"1541","155"
"1542","168"
"1543","641"
"1544","360"
"1545","49"
"1545","349"
"1546","426"
"1547","528"
"1548","703"
"1549","594"
"1550","212"
"1551","619"
"1552","624"
"1553","304"
"1554","266"
"1554","426"
"1555","463"
"1556","641"
"1557","49"
"1558","462"
"1558","278"
"1559","393"
"1560","669"
"1561","272"
"1562","657"
"1563","54"
"1564","133"
"1565","187"
"1566","187"
"1567","95"
"1568","126"
"1569","373"
"1570","312"
"1571","37"
"1572","517"
"1572","187"
"1573","517"
"1573","187"
"1574","18"
"1574","360"
"1575","560"
"1576","155"
"1577","207"
"1578","139"
"1579","49"
"1579","360"
"1580","376"
"1581","109"
"1582","665"
"1583","560"
"1584","549"
"1585","360"
"1586","187"
"1587","588"
"1588","187"
"1589","105"
"1590","560"
"1591","560"
"1592","95"
"1593","681"
"1594","573"
"1595","546"
"1596","572"
"1597","5"
"1598","5"
"1599","327"
"1599","360"
"1600","362"
"1601","365"
"1602","312"
"1603","323"
"1603","443"
"1604","522"
"1605","187"
"1606","597"
"1607","528"
"1608","360"
"1609","95"
"1610","187"
"1611","492"
"1612","140"
"1613","192"
"1614","464"
"1615","560"
"1616","560"
"1617","573"
"1618","90"
"1619","517"
"1620","109"
"1620","386"
"1621","544"
"1621","560"
"1622","462"
"1622","49"
"1623","109"
"1624","619"
"1625","318"
"1626","327"
"1626","187"
"1627","647"
"1628","320"
"1629","232"
"1629","360"
"1630","351"
"1631","312"
"1632","463"
"1633","162"
"1634","187"
"1635","619"
"1636","29"
"1637","243"
"1638","675"
"1639","140"
"1640","619"
"1641","517"
"1642","444"
"1642","557"
"1643","517"
"1644","349"
"1645","578"
"1646","517"
"1647","312"
"1648","560"
"1649","37"
"1650","517"
"1651","410"
"1652","619"
"1653","369"
"1654","591"
"1655","285"
"1656","74"
"1656","679"
"1657","360"
"1658","426"
"1659","405"
"1660","405"
"1661","405"
"1662","412"
"1663","212"
"1664","560"
"1665","250"
"1666","560"
"1667","31"
"1668","342"
"1669","187"
"1670","211"
"1671","405"
"1672","375"
"1673","118"
"1674","405"
"1674","560"
"1675","109"
"1676","346"
"1677","659"
"1678","8"
"1679","106"
"1680","621"
"1681","155"
"1682","163"
"1683","332"
"1684","386"
"1685","658"
"1686","619"
"1687","193"
"1688","501"
"1689","310"
"1690","75"
"1691","475"
"1692","715"
"1693","360"
"1694","243"
"1695","54"
"1696","410"
"1697","560"
"1698","155"
"1699","658"
"1700","560"
"1701","687"
"1702","730"
"1703","658"
"1704","560"
"1705","221"
"1706","442"
"1707","729"
"1708","328"
"1709","602"
"1710","217"
"1711","360"
"1712","300"
"1713","228"
"1713","360"
"1714","436"
"1714","556"
"1715","731"
"1716","432"
"1717","349"
"1718","560"
"1719","604"
"1720","573"
"1721","619"
"1722","327"
"1723","562"
"1724","213"
"1724","222"
"1725","560"
"1726","349"
"1726","360"
"1727","109"
"1728","712"
"1729","70"
"1730","28"
"1731","232"
"1732","560"
"1733","560"
"1734","493"
"1734","550"
"1735","118"
"1736","517"
"1737","413"
"1738","632"
"1739","581"
"1740","361"
"1741","190"
"1742","737"
"1743","76"
"1744","478"
"1745","669"
"1746","109"
"1747","748"
"1748","5"
"1749","573"
"1750","560"
"1751","659"
"1752","514"
"1753","131"
"1754","740"
"1755","109"
"1756","322"
"1757","8"
"1758","304"
"1759","10"
"1760","155"
"1761","561"
"1762","349"
"1762","443"
"1763","89"
"1764","265"
"1765","594"
"1766","648"
"1767","564"
"1768","219"
"1769","489"
"1770","51"
"1771","129"
"1772","681"
"1772","360"
"1773","248"
"1774","386"
"1775","397"
"1776","211"
"1777","70"
"1778","220"
"1778","40"
"1779","358"
"1780","560"
"1781","432"
"1782","312"
"1783","604"
"1784","269"
"1785","211"
"1786","597"
"1787","560"
"1788","462"
"1788","594"
"1789","560"
"1790","140"
"1791","560"
"1791","549"
"1792","729"
"1793","386"
"1793","52"
"1794","711"
"1794","386"
"1795","49"
"1796","619"
"1797","49"
"1798","132"
"1798","360"
"1799","247"
"1800","149"
"1801","517"
"1802","517"
"1803","360"
"1804","360"
"1805","682"
"1805","641"
"1806","463"
"1806","360"
"1807","213"
"1807","222"
"1808","225"
"1808","360"
"1809","183"
"1810","332"
"1811","457"
"1812","560"
"1813","573"
"1813","751"
"1814","517"
"1815","462"
"1815","360"
"1816","360"
"1817","488"
"1818","70"
"1819","397"
"1820","49"
"1820","603"
"1821","493"
"1821","550"
"1822","560"
"1823","560"
"1824","474"
"1825","595"
"1826","560"
"1827","681"
"1828","429"
"1829","560"
"1830","465"
"1831","360"
"1832","40"
"1833","442"
"1834","442"
"1835","203"
"1836","658"
"1836","43"
"1837","658"
"1837","360"
"1838","60"
"1839","218"
"1840","397"
"1841","19"
"1842","419"
"1842","360"
"1843","118"
"1844","553"
"1844","187"
"1845","200"
"1846","349"
"1846","443"
"1847","349"
"1848","54"
"1848","360"
"1849","516"
"1850","511"
"1851","84"
"1852","426"
"1853","672"
"1853","439"
"1854","706"
"1855","254"
"1856","445"
"1857","575"
"1858","575"
"1859","575"
"1860","576"
"1861","401"
"1862","517"
"1863","211"
"1864","744"
"1865","619"
"1866","517"
"1867","211"
"1868","35"
"1869","139"
"1870","209"
"1871","474"
"1872","23"
"1873","752"
"1874","274"
"1875","614"
"1876","512"
"1876","187"
"1877","187"
"1878","293"
"1879","360"
"1880","360"
"1881","266"
"1881","426"
"1882","517"
"1883","232"
"1883","360"
"1884","426"
"1885","49"
"1885","462"
"1886","393"
"1887","145"
"1888","216"
"1888","49"
"1888","140"
"1889","619"
"1890","603"
"1890","15"
"1891","397"
"1892","243"
"1892","560"
"1893","49"
"1894","208"
"1895","336"
"1896","187"
"1897","549"
"1898","397"
"1899","87"
"1900","574"
"1901","532"
"1902","32"
"1903","144"
"1904","619"
"1905","549"
"1906","360"
"1907","109"
"1908","560"
"1909","146"
"1909","49"
"1910","597"
"1911","440"
"1911","182"
"1912","432"
"1913","513"
"1914","517"
"1915","360"
"1916","187"
"1917","573"
"1918","60"
"1919","560"
"1919","327"
"1920","49"
"1920","603"
"1921","394"
"1922","394"
"1923","397"
"1924","383"
"1925","109"
"1926","28"
"1927","654"
"1928","482"
"1929","109"
"1930","200"
"1931","386"
"1932","187"
"1933","327"
"1934","724"
"1934","187"
"1935","549"
"1936","604"
"1937","249"
"1938","712"
"1939","597"
"1940","187"
"1941","667"
"1941","224"
"1942","360"
"1943","702"
"1944","294"
"1945","644"
"1946","61"
"1947","560"
"1947","327"
"1948","243"
"1949","311"
"1950","306"
"1951","229"
"1952","42"
"1953","617"
"1954","573"
"1955","360"
"1956","517"
"1957","619"
"1958","18"
"1958","560"
"1959","560"
"1960","312"
"1961","379"
"1961","669"
"1962","724"
"1962","560"
"1963","348"
"1964","238"
"1965","64"
"1966","597"
"1967","492"
"1968","305"
"1969","147"
"1970","681"
"1971","360"
"1971","31"
"1972","40"
"1973","681"
"1974","274"
"1975","517"
"1976","407"
"1977","445"
"1978","560"
"1979","619"
"1980","474"
"1981","211"
"1982","79"
"1983","200"
"1984","474"
"1985","200"
"1986","622"
"1987","363"
"1988","187"
"1989","360"
"1990","573"
"1991","256"
"1992","517"
"1993","560"
"1993","397"
"1994","462"
"1995","145"
"1996","454"
"1997","2"
"1998","690"
"1999","560"
"2000","49"
"2001","426"
"2002","109"
"2003","360"
"2004","57"
"2005","167"
"2006","187"
"2007","692"
"2007","494"
"2008","157"
"2009","140"
"2009","360"
"2010","49"
"2010","360"
"2011","205"
"2012","145"
"2013","232"
"2014","119"
"2015","109"
"2016","692"
"2017","517"
"2018","474"
"2019","560"
"2019","327"
"2020","82"
"2021","247"
"2022","187"
"2023","560"
"2024","560"
"2025","560"
"2026","560"
"2027","187"
"2028","187"
"2029","560"
"2030","187"
"2031","442"
"2032","157"
"2033","233"
"2034","426"
"2035","205"
"2036","537"
"2037","397"
"2038","494"
"2039","360"
"2040","192"
"2041","8"
"2042","86"
"2042","360"
"2043","150"
"2044","397"
"2045","109"
"2046","560"
"2047","116"
"2048","560"
"2049","619"
"2050","408"
"2051","658"
"2052","218"
"2052","360"
"2053","360"
"2054","397"
"2055","560"
"2056","407"
"2057","294"
"2058","204"
"2059","697"
"2060","517"
"2061","187"
"2062","441"
"2062","155"
"2063","140"
"2063","526"
"2063","109"
"2064","560"
"2065","82"
"2066","281"
"2067","560"
"2068","570"
"2068","109"
"2069","570"
"2069","109"
"2070","573"
"2071","118"
"2072","294"
"2073","517"
"2074","517"
"2075","187"
"2076","241"
"2077","386"
"2078","397"
"2079","94"
"2080","109"
"2081","209"
"2082","344"
"2083","432"
"2084","395"
"2085","109"
"2086","190"
"2087","437"
"2088","64"
"2089","560"
"2090","517"
"2091","395"
"2092","560"
"2093","560"
"2094","395"
"2095","207"
"2096","560"
"2097","232"
"2098","553"
"2098","187"
"2099","166"
"2100","109"
"2101","517"
"2102","517"
"2103","560"
"2104","49"
"2104","177"
"2105","42"
"2106","256"
"2107","120"
"2108","360"
"2108","560"
"2109","517"
"2110","49"
"2110","349"
"2111","187"
"2112","517"
"2112","258"
"2113","417"
"2114","209"
"2115","619"
"2116","341"
"2117","560"
"2117","211"
"2118","425"
"2119","543"
"2120","37"
"2121","100"
"2122","360"
"2123","560"
"2124","258"
"2125","679"
"2126","405"
"2127","247"
"2128","247"
"2129","725"
"2130","216"
"2131","731"
"2132","731"
"2133","476"
"2134","560"
"2135","108"
"2136","709"
"2136","360"
"2137","360"
"2138","213"
"2138","222"
"2139","560"
"2140","33"
"2141","341"
"2142","37"
"2143","397"
"2144","397"
"2145","33"
"2146","349"
"2147","89"
"2148","560"
"2148","273"
"2149","620"
"2150","407"
"2151","360"
"2152","731"
"2153","573"
"2154","619"
"2155","500"
"2155","49"
"2156","223"
"2157","351"
"2158","280"
"2158","29"
"2159","592"
"2160","658"
"2160","187"
"2161","510"
"2162","395"
"2163","517"
"2164","8"
"2165","474"
"2166","410"
"2167","8"
"2168","187"
"2169","194"
"2170","560"
"2171","371"
"2172","245"
"2173","13"
"2174","360"
"2175","360"
"2175","216"
"2176","146"
"2176","49"
"2177","99"
"2178","70"
"2179","171"
"2180","194"
"2181","560"
"2182","347"
"2183","517"
"2184","517"
"2185","669"
"2186","360"
"2186","560"
"2187","109"
"2188","187"
"2189","64"
"2190","731"
"2190","486"
"2191","619"
"2192","304"
"2193","570"
"2193","109"
"2194","258"
"2194","573"
"2195","395"
"2196","641"
"2197","641"
"2198","641"
"2199","284"
"2199","122"
"2200","570"
"2200","109"
"2201","404"
"2202","404"
"2203","560"
"2204","325"
"2205","573"
"2206","14"
"2207","212"
"2208","619"
"2209","303"
"2210","55"
"2211","351"
"2212","407"
"2213","619"
"2214","619"
"2215","24"
"2216","477"
"2217","327"
"2218","426"
"2219","596"
"2220","49"
"2221","360"
"2222","517"
"2223","658"
"2224","243"
"2225","619"
"2226","325"
"2227","560"
"2228","560"
"2229","560"
"2230","382"
"2231","432"
"2232","415"
"2233","415"
"2234","415"
"2235","550"
"2235","304"
"2236","258"
"2237","517"
"2238","573"
"2239","619"
"2240","604"
"2241","637"
"2242","552"
"2243","616"
"2243","649"
"2244","232"
"2245","405"
"2246","629"
"2247","187"
"2248","187"
"2249","317"
"2250","553"
"2251","397"
"2252","253"
"2253","271"
"2254","426"
"2255","692"
"2256","549"
"2257","661"
"2258","679"
"2259","140"
"2259","360"
"2260","722"
"2261","247"
"2262","619"
"2263","99"
"2264","692"
"2264","28"
"2265","679"
"2266","134"
"2267","259"
"2268","243"
"2269","601"
"2269","155"
"2269","565"
"2270","37"
"2271","575"
"2272","560"
"2273","82"
"2274","82"
"2275","37"
"2276","114"
"2277","324"
"2278","509"
"2279","517"
"2280","414"
"2281","381"
"2282","139"
"2283","446"
"2284","619"
"2285","95"
"2286","95"
"2287","95"
"2288","95"
"2289","187"
"2290","397"
"2291","140"
"2292","187"
"2293","169"
"2294","306"
"2295","187"
"2296","549"
"2297","91"
"2298","664"
"2299","252"
"2300","606"
"2301","135"
"2302","474"
"2303","187"
"2304","301"
"2305","523"
"2306","391"
"2307","360"
"2308","8"
"2309","243"
"2310","560"
"2311","312"
"2312","105"
"2313","220"
"2313","667"
"2314","243"
"2315","155"
"2316","470"
"2317","619"
"2318","93"
"2319","93"
"2320","120"
"2320","360"
"2321","304"
"2322","619"
"2323","108"
"2324","108"
"2325","312"
"2326","167"
"2327","120"
"2328","691"
"2328","109"
"2329","258"
"2330","397"
"2331","560"
"2332","247"
"2333","397"
"2334","676"
"2335","358"
"2336","230"
"2337","560"
"2338","33"
"2339","517"
"2340","530"
"2341","380"
"2342","604"
"2343","124"
"2344","158"
"2345","158"
"2346","397"
"2347","243"
"2348","28"
"2349","54"
"2350","397"
"2351","752"
"2352","397"
"2353","200"
"2354","509"
"2355","519"
"2356","573"
"2357","167"
"2358","187"
"2359","681"
"2360","496"
"2361","517"
"2362","109"
"2363","140"
"2364","646"
"2365","360"
"2366","549"
"2367","378"
"2368","636"
"2369","49"
"2370","49"
"2370","360"
"2371","560"
"2372","187"
"2373","195"
"2374","573"
"2375","168"
"2376","145"
"2377","517"
"2378","11"
"2379","669"
"2380","669"
"2381","679"
"2382","514"
"2383","623"
"2384","488"
"2385","211"
"2386","657"
"2387","534"
"2388","597"
"2389","126"
"2390","494"
"2391","349"
"2392","349"
"2393","327"
"2394","553"
"2395","360"
"2396","569"
"2397","277"
"2398","232"
"2399","397"
"2400","517"
"2401","402"
"2402","549"
"2403","81"
"2403","177"
"2404","232"
"2405","232"
"2406","573"
"2406","360"
"2407","197"
"2408","523"
"2409","127"
"2410","127"
"2411","619"
"2412","619"
"2413","547"
"2414","698"
"2415","487"
"2416","36"
"2417","247"
"2418","334"
"2419","334"
"2420","334"
"2421","745"
"2422","37"
"2423","216"
"2424","575"
"2425","643"
"2426","369"
"2427","49"
"2428","637"
"2429","409"
"2430","99"
"2431","140"
"2431","560"
"2432","49"
"2432","156"
"2433","49"
"2434","49"
"2434","156"
"2435","407"
"2436","407"
"2437","257"
"2438","682"
"2439","155"
"2440","352"
"2441","716"
"2442","716"
"2443","435"
"2444","120"
"2445","698"
"2445","573"
"2446","573"
"2447","560"
"2447","187"
"2448","721"
"2449","517"
"2450","410"
"2451","517"
"2452","590"
"2453","158"
"2454","524"
"2455","243"
"2456","630"
"2457","663"
"2458","360"
"2459","378"
"2460","706"
"2461","597"
"2462","469"
"2463","597"
"2464","276"
"2465","573"
"2466","37"
"2467","754"
"2467","492"
"2468","258"
"2469","397"
"2470","587"
"2471","109"
"2472","258"
"2473","14"
"2474","731"
"2475","211"
"2476","286"
"2477","265"
"2478","211"
"2479","209"
"2480","143"
"2481","517"
"2482","738"
"2483","85"
"2484","397"
"2485","619"
"2486","632"
"2487","704"
"2487","160"
"2488","22"
"2489","82"
"2490","669"
"2491","614"
"2492","597"
"2493","612"
"2494","547"
"2495","614"
"2496","360"
"2497","573"
"2498","415"
"2499","415"
"2500","415"
"2501","415"
"2502","426"
"2502","49"
"2503","221"
"2503","399"
"2504","487"
"2505","33"
"2506","712"
"2507","397"
"2508","472"
"2509","531"
"2510","474"
"2511","54"
"2512","378"
"2513","206"
"2514","560"
"2515","247"
"2515","550"
"2516","187"
"2517","619"
"2518","461"
"2519","619"
"2520","517"
"2521","407"
"2522","277"
"2523","343"
"2524","560"
"2525","247"
"2526","197"
"2527","197"
"2528","395"
"2529","397"
"2530","120"
"2531","612"
"2532","148"
"2533","66"
"2534","481"
"2535","360"
"2536","88"
"2537","53"
"2538","291"
"2539","619"
"2540","695"
"2541","49"
"2542","49"
"2542","647"
"2543","619"
"2543","360"
"2544","538"
"2545","155"
"2546","49"
"2546","360"
"2547","560"
"2548","211"
"2549","327"
"2550","560"
"2551","101"
"2552","49"
"2553","612"
"2554","518"
"2555","304"
"2556","211"
"2557","368"
"2558","290"
"2559","30"
"2560","30"
"2561","142"
"2562","331"
"2563","440"
"2563","685"
"2564","148"
"2565","60"
"2566","219"
"2567","405"
"2567","677"
"2568","336"
"2568","485"
"2569","118"
"2570","327"
"2571","419"
"2571","681"
"2572","243"
"2572","177"
"2573","492"
"2574","397"
"2575","326"
"2576","731"
"2577","681"
"2578","619"
"2579","410"
"2580","349"
"2580","360"
"2581","8"
"2582","641"
"2583","28"
"2584","109"
"2585","397"
"2586","517"
"2587","302"
"2588","60"
"2589","718"
"2590","560"
"2591","187"
